<configs>
	<append xpath="/buffs" >	
		<buff name="healme" name_key="buffhealmeModeName" description_key="buffHealmeModeDesc" tooltip_key="buffHealmeModeTooltip" icon="ui_game_symbol_add" icon_color="132,0,155">
		<stack_type value="ignore"/>
		<effect_group>
			<passive_effect name="HealthLoss" operation="base_set" value="0"/>
			<passive_effect name="HealthLoss" operation="perc_set" value="0"/>
			<passive_effect name="HealthChangeOT" operation="perc_set" value="0" />
			<passive_effect name="HealthMaxModifierOT" operation="base_add" value="100" />
			<triggered_effect trigger="onSelfBuffUpdate" action="ModifyStats" stat="Health" operation="set" value="1000"/>
		</effect_group>
		</buff>
	</append>
</configs>